1,Joseph Johnson,joseph.johnson1@outlook.com
2,Ashley Anderson,ashley.anderson2@yahoo.com
3,Susan Wright,susan.wright3@gmail.com
4,Jason Williams,jason.williams4@gmail.com
5,Barbara Wilson,barbara.wilson5@yahoo.com
6,Nicholas Hill,nicholas.hill6@gmail.com
7,Anna Gonzalez,anna.gonzalez7@bankmail.com
8,Rebecca Anderson,rebecca.anderson8@example.com
9,Emily Smith,emily.smith9@yahoo.com
10,Jason Perez,jason.perez10@outlook.com
11,Karen Wilson,karen.wilson11@outlook.com
12,Susan Garcia,susan.garcia12@example.com
13,Richard Thompson,richard.thompson13@outlook.com
14,Kimberly Williams,kimberly.williams14@example.com
15,Jonathan Davis,jonathan.davis15@example.com
16,David Scott,david.scott16@outlook.com
17,Brian Torres,brian.torres17@yahoo.com
18,William Williams,william.williams18@yahoo.com
19,Donna Garcia,donna.garcia19@yahoo.com
20,Richard Harris,richard.harris20@outlook.com
21,Ryan White,ryan.white21@yahoo.com
22,Melissa Thompson,melissa.thompson22@yahoo.com
23,Steven Jones,steven.jones23@bankmail.com
24,Nancy Wright,nancy.wright24@yahoo.com
25,Christopher Robinson,christopher.robinson25@example.com
26,Steven Scott,steven.scott26@yahoo.com
27,Carol Brown,carol.brown27@yahoo.com
28,Robert Lee,robert.lee28@example.com
29,Steven Jones,steven.jones29@yahoo.com
30,Joshua Wilson,joshua.wilson30@example.com
31,Ronald Robinson,ronald.robinson31@yahoo.com
32,Kimberly Rodriguez,kimberly.rodriguez32@yahoo.com
33,Anna Wright,anna.wright33@outlook.com
34,Jason Nguyen,jason.nguyen34@example.com
35,Brian Anderson,brian.anderson35@yahoo.com
36,Shirley Young,shirley.young36@gmail.com
37,Michael Davis,michael.davis37@yahoo.com
38,Christopher Ramirez,christopher.ramirez38@bankmail.com
39,William Harris,william.harris39@example.com
40,Cynthia King,cynthia.king40@outlook.com
41,Stephen Smith,stephen.smith41@gmail.com
42,Jonathan Moore,jonathan.moore42@outlook.com
43,Joseph Jackson,joseph.jackson43@example.com
44,Christopher Robinson,christopher.robinson44@gmail.com
45,Kimberly Allen,kimberly.allen45@yahoo.com
46,Nicholas Miller,nicholas.miller46@outlook.com
47,Nicholas Hill,nicholas.hill47@yahoo.com
48,Karen White,karen.white48@yahoo.com
49,Helen King,helen.king49@gmail.com
50,Carol Young,carol.young50@gmail.com
51,Joseph White,joseph.white51@outlook.com
52,Mark Brown,mark.brown52@yahoo.com
53,David Garcia,david.garcia53@example.com
54,William Wright,william.wright54@yahoo.com
55,Thomas Walker,thomas.walker55@bankmail.com
56,Nancy Taylor,nancy.taylor56@bankmail.com
57,Jason Wilson,jason.wilson57@bankmail.com
58,Betty Martin,betty.martin58@example.com
59,Melissa Lewis,melissa.lewis59@bankmail.com
60,Laura Davis,laura.davis60@yahoo.com
61,Donald Jones,donald.jones61@outlook.com
62,John Nguyen,john.nguyen62@bankmail.com
63,Sandra Nguyen,sandra.nguyen63@yahoo.com
64,James Jones,james.jones64@gmail.com
65,Sandra Jones,sandra.jones65@gmail.com
66,George Jones,george.jones66@bankmail.com
67,Mark Moore,mark.moore67@example.com
68,Margaret Wright,margaret.wright68@yahoo.com
69,Jacob Thomas,jacob.thomas69@example.com
70,Timothy Gonzalez,timothy.gonzalez70@gmail.com
71,Richard Ramirez,richard.ramirez71@outlook.com
72,Jason Clark,jason.clark72@example.com
73,Michael Miller,michael.miller73@gmail.com
74,Stephanie Perez,stephanie.perez74@gmail.com
75,Ashley Gonzalez,ashley.gonzalez75@yahoo.com
76,Jonathan Lewis,jonathan.lewis76@yahoo.com
77,Jason Lopez,jason.lopez77@outlook.com
78,Cynthia Thomas,cynthia.thomas78@gmail.com
79,Jeffrey Scott,jeffrey.scott79@gmail.com
80,Michael Wright,michael.wright80@gmail.com
81,Barbara Thomas,barbara.thomas81@yahoo.com
82,Timothy Young,timothy.young82@example.com
83,Margaret Sanchez,margaret.sanchez83@gmail.com
84,Nancy Harris,nancy.harris84@gmail.com
85,Deborah Taylor,deborah.taylor85@example.com
86,Andrew Ramirez,andrew.ramirez86@bankmail.com
87,Gary Martinez,gary.martinez87@yahoo.com
88,Donna Wilson,donna.wilson88@gmail.com
89,Helen Brown,helen.brown89@outlook.com
90,Linda Brown,linda.brown90@bankmail.com
91,Kathleen Allen,kathleen.allen91@bankmail.com
92,Christopher Brown,christopher.brown92@bankmail.com
93,David Lopez,david.lopez93@gmail.com
94,William Thomas,william.thomas94@example.com
95,Jessica Torres,jessica.torres95@yahoo.com
96,Jennifer Flores,jennifer.flores96@gmail.com
97,Rebecca Nguyen,rebecca.nguyen97@bankmail.com
98,Eric Lee,eric.lee98@outlook.com
99,Anthony Lee,anthony.lee99@yahoo.com
100,Kimberly Sanchez,kimberly.sanchez100@yahoo.com
101,Kenneth Robinson,kenneth.robinson101@outlook.com
102,Elizabeth Smith,elizabeth.smith102@example.com
103,Richard Jones,richard.jones103@bankmail.com
104,Margaret Allen,margaret.allen104@outlook.com
105,Thomas Thompson,thomas.thompson105@gmail.com
106,Ashley White,ashley.white106@outlook.com
107,Christopher Lewis,christopher.lewis107@bankmail.com
108,Kenneth Flores,kenneth.flores108@bankmail.com
109,Mary Scott,mary.scott109@outlook.com
110,Susan Rodriguez,susan.rodriguez110@outlook.com
111,Joseph Miller,joseph.miller111@bankmail.com
112,Karen Moore,karen.moore112@outlook.com
113,Anthony Perez,anthony.perez113@yahoo.com
114,Kimberly Allen,kimberly.allen114@example.com
115,Paul Brown,paul.brown115@gmail.com
116,Jason Moore,jason.moore116@gmail.com
117,James Perez,james.perez117@yahoo.com
118,Kimberly Hernandez,kimberly.hernandez118@example.com
119,Stephen Ramirez,stephen.ramirez119@bankmail.com
120,Mary Davis,mary.davis120@gmail.com
121,Karen Wright,karen.wright121@gmail.com
122,Melissa Nguyen,melissa.nguyen122@bankmail.com
123,Charles Ramirez,charles.ramirez123@yahoo.com
124,Jennifer Martin,jennifer.martin124@outlook.com
125,Jennifer Thompson,jennifer.thompson125@yahoo.com
126,Ashley Miller,ashley.miller126@outlook.com
127,Anna Clark,anna.clark127@bankmail.com
128,Karen Thomas,karen.thomas128@yahoo.com
129,Daniel Clark,daniel.clark129@gmail.com
130,Daniel Perez,daniel.perez130@example.com
131,Ashley Moore,ashley.moore131@yahoo.com
132,Susan Harris,susan.harris132@gmail.com
133,Jacob Anderson,jacob.anderson133@yahoo.com
134,Ryan Thompson,ryan.thompson134@outlook.com
135,Sandra Anderson,sandra.anderson135@gmail.com
136,Matthew Sanchez,matthew.sanchez136@outlook.com
137,Emily Jones,emily.jones137@outlook.com
138,Kevin Allen,kevin.allen138@example.com
139,Jonathan Perez,jonathan.perez139@gmail.com
140,Joseph Taylor,joseph.taylor140@yahoo.com
141,Kimberly Williams,kimberly.williams141@gmail.com
142,Sharon Thompson,sharon.thompson142@outlook.com
143,Sharon Hill,sharon.hill143@bankmail.com
144,Joseph Harris,joseph.harris144@bankmail.com
145,Matthew Taylor,matthew.taylor145@gmail.com
146,Sharon Smith,sharon.smith146@bankmail.com
147,Jonathan Gonzalez,jonathan.gonzalez147@outlook.com
148,Sharon Jones,sharon.jones148@outlook.com
149,Joshua Davis,joshua.davis149@outlook.com
150,Nicholas Martin,nicholas.martin150@example.com
151,Carol Sanchez,carol.sanchez151@outlook.com
152,Stephen Rodriguez,stephen.rodriguez152@yahoo.com
153,Rebecca Harris,rebecca.harris153@yahoo.com
154,Kenneth Sanchez,kenneth.sanchez154@bankmail.com
155,James Martin,james.martin155@outlook.com
156,Anthony Ramirez,anthony.ramirez156@bankmail.com
157,Carol Robinson,carol.robinson157@example.com
158,Jeffrey Wilson,jeffrey.wilson158@bankmail.com
159,Jacob Hernandez,jacob.hernandez159@gmail.com
160,Andrew Allen,andrew.allen160@bankmail.com
161,George Garcia,george.garcia161@yahoo.com
162,Michelle Anderson,michelle.anderson162@yahoo.com
163,Charles Johnson,charles.johnson163@gmail.com
164,Ashley Walker,ashley.walker164@bankmail.com
165,Elizabeth Robinson,elizabeth.robinson165@example.com
166,Matthew Harris,matthew.harris166@example.com
167,Stephanie Thomas,stephanie.thomas167@yahoo.com
168,James Miller,james.miller168@example.com
169,Donald Lopez,donald.lopez169@bankmail.com
170,Cynthia Brown,cynthia.brown170@bankmail.com
171,Ashley Davis,ashley.davis171@example.com
172,Sarah Robinson,sarah.robinson172@bankmail.com
173,Anna Hill,anna.hill173@outlook.com
174,Jeffrey Flores,jeffrey.flores174@bankmail.com
175,Jason Scott,jason.scott175@example.com
176,Christopher Walker,christopher.walker176@example.com
177,Kimberly Thomas,kimberly.thomas177@outlook.com
178,Eric Young,eric.young178@yahoo.com
179,Emily Lewis,emily.lewis179@gmail.com
180,Andrew Thomas,andrew.thomas180@outlook.com
181,George Lee,george.lee181@bankmail.com
182,David Rodriguez,david.rodriguez182@yahoo.com
183,Sandra Harris,sandra.harris183@yahoo.com
184,Margaret Jones,margaret.jones184@example.com
185,Timothy Perez,timothy.perez185@bankmail.com
186,Cynthia Clark,cynthia.clark186@gmail.com
187,Anthony Clark,anthony.clark187@example.com
188,John Torres,john.torres188@example.com
189,Kathleen Smith,kathleen.smith189@outlook.com
190,Kenneth Harris,kenneth.harris190@example.com
191,Jonathan Wright,jonathan.wright191@bankmail.com
192,Donald Young,donald.young192@yahoo.com
193,Steven Ramirez,steven.ramirez193@example.com
194,Patricia Harris,patricia.harris194@outlook.com
195,Stephanie Hernandez,stephanie.hernandez195@example.com
196,Thomas Flores,thomas.flores196@bankmail.com
197,Patricia Sanchez,patricia.sanchez197@bankmail.com
198,Patricia Garcia,patricia.garcia198@example.com
199,Sarah Robinson,sarah.robinson199@yahoo.com
200,Michael Taylor,michael.taylor200@example.com
